Model,MAE,RMSE,R2 Score
ANN,818.3798160556596,3524.391383004538,0.9657937986049452
Linear Regression,964.6182275043137,4475.79204600171,0.9448333785762767
Random Forest,829.4637913383658,7673.038762058353,0.8378670177269412
Decision Tree,1114.716471355387,11239.549174212241,0.6521160677671811
