Model,MAE,RMSE,R2 Score
Random Forest,33.03423166019423,99.54497024759947,0.2744470487876213
ANN,44.962331689288696,111.02104922972747,0.09751264515713365
Linear Regression,45.80794386138973,112.43653071079721,0.07435311451941817
Decision Tree,37.46207141145984,119.46691058531006,-0.045022729735977984
